Workbook

Sheet DASHBOARD
A1: SafePay - Project Data Dashboard
A3: Total Transactions | C3: Total Value INR | E3: Protected | G3: High Risk
A4: =COUNTA(TRANSACTIONS!A3:A1000) -> 4 | C4: =SUM(TRANSACTIONS!D3:D1000) -> 1475500 | E4: =COUNTIF(TRANSACTIONS!H3:H1000,"PROTECTED") -> 1 | G4: =COUNTIF(TRANSACTIONS!G3:G1000,"HIGH") -> 1
A6: Very High Risk | C6: Cancelled | E6: Settled | G6: Pending Approval
A7: =COUNTIF(TRANSACTIONS!G3:G1000,"VERY_HIGH") -> 1 | C7: =COUNTIF(TRANSACTIONS!H3:H1000,"CANCELLED") -> 1 | E7: =COUNTIF(TRANSACTIONS!H3:H1000,"SETTLED") -> 1 | G7: =COUNTIF(APPROVALS!E3:E1000,"PENDING") -> 1
A9: Risk Tier | B9: Count
A10: LOW | B10: =COUNTIF(TRANSACTIONS!G3:G1000,"LOW") -> 1
A11: MEDIUM | B11: =COUNTIF(TRANSACTIONS!G3:G1000,"MEDIUM") -> 1
A12: HIGH | B12: =COUNTIF(TRANSACTIONS!G3:G1000,"HIGH") -> 1
A13: VERY_HIGH | B13: =COUNTIF(TRANSACTIONS!G3:G1000,"VERY_HIGH") -> 1

Sheet README
A1: SafePay - Data Model Workbook
A2: SECTION | B2: DETAIL
A3: Purpose | B3: Data rows/columns required to design the SafePay Oracle database and application.
A4: Core idea | B4: Payment -> Risk Check -> Instant Settlement OR Protection Window OR Hard Hold.
A5: Important scope | B5: Simulated pre-settlement banking flow. No real UPI/IMPS money movement or reversal.
A6: Build first | B6: ROLES, USERS, ACCOUNTS, BENEFICIARIES, TRANSACTIONS, then risk/protection/approval/audit tables.

Sheet ROLES
A1: Roles
A2: ROLE_ID | B2: ROLE_NAME | C2: DESCRIPTION
A3: 1 | B3: CUSTOMER | C3: Personal banking customer
A4: 2 | B4: MAKER | C4: Corporate user who creates controlled payments
A5: 3 | B5: CHECKER | C5: Authorized user who approves/rejects Maker payments
A6: 4 | B6: ADMIN | C6: Bank operations administrator

Sheet USERS
A1: Users
A2: USER_ID | B2: ROLE_ID | C2: USER_NAME | D2: EMAIL | E2: PHONE | F2: PASSWORD_HASH | G2: STATUS | H2: CREATED_AT
A3: 1001 | B3: 1 | C3: Rahul Sharma | D3: rahul@safepay.test | E3: 9000000001 | F3: <hash> | G3: ACTIVE | H3: 2026-08-27 10:00:00
A4: 1002 | B4: 2 | C4: Amit Maker | D4: amit.maker@safepay.test | E4: 9000000002 | F4: <hash> | G4: ACTIVE | H4: 2026-08-27 10:01:00
A5: 1003 | B5: 3 | C5: Priya Checker | D5: priya.checker@safepay.test | E5: 9000000003 | F5: <hash> | G5: ACTIVE | H5: 2026-08-27 10:02:00
A6: 1004 | B6: 4 | C6: Bank Admin | D6: admin@safepay.test | E6: 9000000004 | F6: <hash> | G6: ACTIVE | H6: 2026-08-27 10:03:00

Sheet ACCOUNTS
A1: Accounts
A2: ACCOUNT_ID | B2: USER_ID | C2: ACCOUNT_NUMBER_MASKED | D2: ACCOUNT_TYPE | E2: BALANCE_INR | F2: STATUS | G2: CREATED_AT
A3: 5001 | B3: 1001 | C3: XXXXXX1234 | D3: SAVINGS | E3: 800000 | F3: ACTIVE | G3: 2026-08-27 10:05:00
A4: 5002 | B4: 1002 | C4: XXXXXX2345 | D4: CURRENT | E4: 5000000 | F4: ACTIVE | G4: 2026-08-27 10:06:00

Sheet BENEFICIARIES
A1: Beneficiaries
A2: BENEFICIARY_ID | B2: USER_ID | C2: BENEFICIARY_NAME | D2: ACCOUNT_NUMBER_MASKED | E2: BANK_CODE | F2: STATUS | G2: ADDED_AT
A3: 2001 | B3: 1001 | C3: Regular Grocery | D3: XXXXXX7788 | E3: BANK001 | F3: ACTIVE | G3: 2026-07-01 09:00:00
A4: 2002 | B4: 1001 | C4: New Vendor | D4: XXXXXX8899 | E4: BANK002 | F4: ACTIVE | G4: 2026-08-27 10:20:00
A5: 2003 | B5: 1002 | C5: ABC Suppliers | D5: XXXXXX9988 | E5: BANK003 | F5: ACTIVE | G5: 2026-06-15 11:00:00

Sheet TRANSACTIONS
A1: Main Transaction Table
A2: TRANSACTION_ID | B2: SENDER_ACCOUNT_ID | C2: BENEFICIARY_ID | D2: AMOUNT_INR | E2: TRANSACTION_TYPE | F2: RISK_SCORE | G2: RISK_TIER | H2: STATUS | I2: PROTECTION_SECONDS | J2: PROTECTION_START | K2: PROTECTION_END | L2: CREATED_BY | M2: CREATED_AT | N2: UPDATED_AT
A3: 10001 | B3: 5001 | C3: 2001 | D3: 500 | E3: TRANSFER | F3: 5 | G3: LOW | H3: SETTLED | I3: 0 | L3: CUSTOMER | M3: 2026-08-27 10:30:00 | N3: 2026-08-27 10:30:02
A4: 10002 | B4: 5001 | C4: 2001 | D4: 25000 | E4: TRANSFER | F4: 50 | G4: MEDIUM | H4: CANCELLED | I4: 10 | J4: 2026-08-27 10:32:00 | K4: 2026-08-27 10:32:10 | L4: CUSTOMER | M4: 2026-08-27 10:31:59 | N4: 2026-08-27 10:32:07
A5: 10003 | B5: 5001 | C5: 2002 | D5: 450000 | E5: TRANSFER | F5: 75 | G5: HIGH | H5: PROTECTED | I5: 60 | J5: 2026-08-27 10:35:00 | K5: 2026-08-27 10:36:00 | L5: CUSTOMER | M5: 2026-08-27 10:35:00 | N5: 2026-08-27 10:35:00
A6: 10004 | B6: 5002 | C6: 2002 | D6: 1000000 | E6: TRANSFER | F6: 90 | G6: VERY_HIGH | H6: HARD_HOLD | I6: 0 | L6: MAKER | M6: 2026-08-27 10:36:00 | N6: 2026-08-27 10:36:00

Sheet RISK_FACTORS
A1: Configurable Risk Factors
A2: RISK_FACTOR_ID | B2: FACTOR_CODE | C2: FACTOR_NAME | D2: DESCRIPTION | E2: WEIGHT | F2: ACTIVE_FLAG
A3: 3001 | B3: NEW_BENEFICIARY | C3: New beneficiary | D3: Beneficiary was added recently. | E3: 30 | F3: Y
A4: 3002 | B4: HIGH_AMOUNT | C4: High amount | D4: Transaction exceeds configured high-value threshold. | E4: 25 | F4: Y
A5: 3003 | B5: FIRST_TRANSACTION | C5: First transaction | D5: No previous successful payment to beneficiary. | E5: 20 | F5: Y
A6: 3004 | B6: UNUSUAL_AMOUNT | C6: Unusual amount | D6: Amount is significantly above the customer's normal pattern. | E6: 15 | F6: Y
A7: 3005 | B7: NEW_DEVICE | C7: New device | D7: Device has not been seen before. | E7: 20 | F7: Y
A8: 3006 | B8: UNUSUAL_LOCATION | C8: Unusual location | D8: Location differs materially from recent pattern. | E8: 15 | F8: Y
A9: 3007 | B9: UNUSUAL_TIME | C9: Unusual time | D9: Transaction occurs at an unusual configured time. | E9: 5 | F9: Y

Sheet TRANSACTION_RISK_FACTORS
A1: Detected Risk Factors
A2: TRANSACTION_ID | B2: RISK_FACTOR_ID | C2: SCORE_ADDED | D2: DETECTED_VALUE
A3: 10003 | B3: 3001 | C3: 30 | D3: Beneficiary added recently
A4: 10003 | B4: 3002 | C4: 25 | D4: Amount above high-value threshold
A5: 10003 | B5: 3003 | C5: 20 | D5: First payment to beneficiary
A6: 10004 | B6: 3001 | C6: 30 | D6: Beneficiary added recently
A7: 10004 | B7: 3002 | C7: 25 | D7: Amount exceeds high-value threshold
A8: 10004 | B8: 3005 | C8: 20 | D8: New device
A9: 10004 | B9: 3006 | C9: 15 | D9: Unusual location

Sheet PROTECTION_RULES
A1: Protection Rules
A2: RULE_ID | B2: RISK_TIER | C2: MIN_SCORE | D2: MAX_SCORE | E2: PROTECTION_SECONDS | F2: ACTION | G2: ACTIVE_FLAG
A3: 4001 | B3: LOW | C3: 0 | D3: 30 | E3: 0 | F3: INSTANT_SETTLEMENT | G3: Y
A4: 4002 | B4: MEDIUM | C4: 31 | D4: 60 | E4: 10 | F4: PROTECTED_WINDOW | G4: Y
A5: 4003 | B5: HIGH | C5: 61 | D5: 85 | E5: 60 | F5: PROTECTED_WINDOW | G5: Y
A6: 4004 | B6: VERY_HIGH | C6: 86 | D6: 100 | E6: 0 | F6: HARD_HOLD_CHECKER | G6: Y

Sheet USER_SAFETY_SETTINGS
A1: Customer Safety Settings
A2: SETTING_ID | B2: USER_ID | C2: AMOUNT_THRESHOLD_INR | D2: PROTECTION_SECONDS | E2: NEW_BENEFICIARY_PROTECTION | F2: ADDITIONAL_VERIFICATION_ABOVE_INR | G2: ACTIVE_FLAG
A3: 5001 | B3: 1001 | C3: 50000 | D3: 30 | E3: Y | F3: 500000 | G3: Y
A4: 5002 | B4: 1002 | C4: 100000 | D4: 60 | E4: Y | F4: 1000000 | G4: Y

Sheet APPROVALS
A1: Maker-Checker Approvals
A2: APPROVAL_ID | B2: TRANSACTION_ID | C2: MAKER_ID | D2: CHECKER_ID | E2: ACTION | F2: COMMENTS | G2: CREATED_AT | H2: ACTION_AT
A3: 6001 | B3: 10004 | C3: 1002 | E3: PENDING | F3: Awaiting checker verification. | G3: 2026-08-27 10:36:01
A4: 6002 | B4: 9999 | C4: 1002 | D4: 1003 | E4: APPROVED | F4: Sample completed corporate approval. | G4: 2026-08-27 09:00:00 | H4: 2026-08-27 09:02:00

Sheet DISPUTES
A1: Post-Settlement Disputes
A2: DISPUTE_ID | B2: TRANSACTION_ID | C2: USER_ID | D2: DISPUTE_TYPE | E2: DESCRIPTION | F2: STATUS | G2: CREATED_AT | H2: RESOLUTION_DATE | I2: RESOLUTION_REMARKS
A3: 7001 | B3: 10001 | C3: 1001 | D3: WRONG_BENEFICIARY | E3: Customer realized the beneficiary was incorrect after settlement. | F3: OPEN | G3: 2026-08-27 11:00:00

Sheet AUDIT_LOG
A1: Audit Trail
A2: AUDIT_ID | B2: USER_ID | C2: TRANSACTION_ID | D2: ACTION | E2: OLD_STATUS | F2: NEW_STATUS | G2: EVENT_TIMESTAMP | H2: REMARKS
A3: 8001 | B3: 1001 | C3: 10003 | D3: RISK_ASSESSED | E3: AUTHORIZED | F3: PROTECTED | G3: 2026-08-27 10:35:00 | H3: Risk score 75; HIGH tier.
A4: 8002 | B4: 1001 | C4: 10002 | D4: CANCEL_TRANSACTION | E4: PROTECTED | F4: CANCELLED | G4: 2026-08-27 10:32:07 | H4: Customer cancelled within protection window.
A5: 8003 | B5: 1003 | C5: 10004 | D5: APPROVAL_REVIEW | E5: HARD_HOLD | F5: HARD_HOLD | G5: 2026-08-27 10:40:00 | H5: Checker opened pending payment.

Sheet SCENARIO_CALC
A1: Risk Scoring Demonstration
A2: SCENARIO | B2: AMOUNT_INR | C2: NEW_BENEFICIARY | D2: FIRST_TRANSACTION | E2: UNUSUAL_AMOUNT | F2: NEW_DEVICE | G2: UNUSUAL_LOCATION | H2: RISK_SCORE | I2: RISK_TIER | J2: SYSTEM_ACTION
A3: Normal grocery | B3: 500 | C3: N | D3: N | E3: N | F3: N | G3: N | H3: =IF(C3="Y",RISK_FACTORS!$E$3,0)+IF(D3="Y",RISK_FACTORS!$E$5,0)+IF(E3="Y",RISK_FACTORS!$E$6,0)+IF(F3="Y",RISK_FACTORS!$E$7,0)+IF(G3="Y",RISK_FACTORS!$E$8,0) -> 0 | I3: =IF(H3<=30,"LOW",IF(H3<=60,"MEDIUM",IF(H3<=85,"HIGH","VERY_HIGH"))) -> LOW | J3: =IF(I3="LOW","INSTANT_SETTLEMENT",IF(OR(I3="MEDIUM",I3="HIGH"),"PROTECTED_WINDOW","HARD_HOLD_CHECKER")) -> INSTANT_SETTLEMENT
A4: Existing beneficiary, unusual payment | B4: 25000 | C4: N | D4: Y | E4: Y | F4: N | G4: N | H4: =IF(C4="Y",RISK_FACTORS!$E$3,0)+IF(D4="Y",RISK_FACTORS!$E$5,0)+IF(E4="Y",RISK_FACTORS!$E$6,0)+IF(F4="Y",RISK_FACTORS!$E$7,0)+IF(G4="Y",RISK_FACTORS!$E$8,0) -> 35 | I4: =IF(H4<=30,"LOW",IF(H4<=60,"MEDIUM",IF(H4<=85,"HIGH","VERY_HIGH"))) -> MEDIUM | J4: =IF(I4="LOW","INSTANT_SETTLEMENT",IF(OR(I4="MEDIUM",I4="HIGH"),"PROTECTED_WINDOW","HARD_HOLD_CHECKER")) -> PROTECTED_WINDOW
A5: New beneficiary high-value | B5: 450000 | C5: Y | D5: Y | E5: Y | F5: N | G5: N | H5: =IF(C5="Y",RISK_FACTORS!$E$3,0)+IF(D5="Y",RISK_FACTORS!$E$5,0)+IF(E5="Y",RISK_FACTORS!$E$6,0)+IF(F5="Y",RISK_FACTORS!$E$7,0)+IF(G5="Y",RISK_FACTORS!$E$8,0) -> 65 | I5: =IF(H5<=30,"LOW",IF(H5<=60,"MEDIUM",IF(H5<=85,"HIGH","VERY_HIGH"))) -> HIGH | J5: =IF(I5="LOW","INSTANT_SETTLEMENT",IF(OR(I5="MEDIUM",I5="HIGH"),"PROTECTED_WINDOW","HARD_HOLD_CHECKER")) -> PROTECTED_WINDOW
A6: Very high risk example | B6: 1000000 | C6: Y | D6: Y | E6: Y | F6: Y | G6: Y | H6: =IF(C6="Y",RISK_FACTORS!$E$3,0)+IF(D6="Y",RISK_FACTORS!$E$5,0)+IF(E6="Y",RISK_FACTORS!$E$6,0)+IF(F6="Y",RISK_FACTORS!$E$7,0)+IF(G6="Y",RISK_FACTORS!$E$8,0) -> 100 | I6: =IF(H6<=30,"LOW",IF(H6<=60,"MEDIUM",IF(H6<=85,"HIGH","VERY_HIGH"))) -> VERY_HIGH | J6: =IF(I6="LOW","INSTANT_SETTLEMENT",IF(OR(I6="MEDIUM",I6="HIGH"),"PROTECTED_WINDOW","HARD_HOLD_CHECKER")) -> HARD_HOLD_CHECKER

Sheet DATA_DICTIONARY
A1: Data Dictionary
A2: TABLE | B2: COLUMN | C2: TYPE | D2: KEY | E2: NULL_ALLOWED | F2: PURPOSE
A3: TRANSACTIONS | B3: TRANSACTION_ID | C3: NUMBER | D3: PK | E3: NO | F3: Unique payment identifier; generated from Oracle sequence.
A4: TRANSACTIONS | B4: AMOUNT_INR | C4: NUMBER(15,2) | E4: NO | F4: Payment amount; use BigDecimal in Java.
A5: TRANSACTIONS | B5: RISK_SCORE | C5: NUMBER(5,2) | E5: YES | F5: Calculated by the risk engine.
A6: TRANSACTIONS | B6: RISK_TIER | C6: VARCHAR2(20) | E6: YES | F6: LOW, MEDIUM, HIGH, VERY_HIGH.
A7: TRANSACTIONS | B7: STATUS | C7: VARCHAR2(30) | E7: NO | F7: Backend-controlled transaction state.
A8: TRANSACTIONS | B8: PROTECTION_END | C8: TIMESTAMP | E8: YES | F8: Server-side end of the protection window.
A9: RISK_FACTORS | B9: WEIGHT | C9: NUMBER(5,2) | E9: NO | F9: Configurable score contribution.
A10: PROTECTION_RULES | B10: PROTECTION_SECONDS | C10: NUMBER | E10: NO | F10: Protection duration for a risk tier.
A11: APPROVALS | B11: MAKER_ID | C11: NUMBER | D11: FK | E11: NO | F11: User who created controlled payment.
A12: APPROVALS | B12: CHECKER_ID | C12: NUMBER | D12: FK | E12: YES | F12: Approver; must differ from Maker.
A13: DISPUTES | B13: TRANSACTION_ID | C13: NUMBER | D13: FK | E13: NO | F13: Settled payment under dispute.
A14: AUDIT_LOG | B14: OLD_STATUS | C14: VARCHAR2(30) | E14: YES | F14: State before an audited event.
A15: AUDIT_LOG | B15: NEW_STATUS | C15: VARCHAR2(30) | E15: YES | F15: State after an audited event.

Sheet REPORTING_VIEWS
A1: Oracle Reporting View Requirements
A2: VIEW_NAME | B2: PURPOSE | C2: KEY_TABLES | D2: OUTPUT | E2: LOGIC
A3: VW_TRANSACTION_DASHBOARD | B3: Admin transaction monitoring | C3: USERS, ACCOUNTS, BENEFICIARIES, TRANSACTIONS | D3: Transaction, customer, beneficiary, amount, risk, tier, status, protection time | E3: JOIN transaction to customer/account/beneficiary.
A4: VW_RISK_SUMMARY | B4: Risk KPIs | C4: TRANSACTIONS | D4: Tier, transaction count, total amount, average amount | E4: GROUP BY RISK_TIER; use COUNT/SUM/AVG.
A5: VW_PENDING_APPROVALS | B5: Maker-checker queue | C5: TRANSACTIONS, APPROVALS, USERS | D5: Transaction, Maker, amount, risk, status, age | E5: JOIN users and filter pending approval records.
A6: VW_CUSTOMER_PROTECTION_ANALYSIS | B6: Customer safety analytics | C6: USERS, ACCOUNTS, TRANSACTIONS | D6: Customer, total, protected, cancelled, settled, high-risk | E6: GROUP BY customer and use CASE expressions.
